Employee_ID,Name,Date,Check_In,Check_Out,Reported_Pay,_secret_label
E100,Ayesha,2024-06-01,09:00,18:00,160.0,normal
E101,Rahim,2024-06-02,09:00,19:00,190.0,normal
E102,Karim,2024-06-03,09:00,18:00,160.0,normal
E103,Fatima,2024-06-04,09:00,18:00,160.0,normal
E104,Hasan,2024-06-05,09:00,19:00,190.0,normal
E105,Nadia,2024-06-06,09:00,18:00,160.0,normal
E106,Imran,2024-06-07,09:00,18:00,160.0,normal
E107,Sadia,2024-06-08,09:00,18:00,160.0,normal
E108,Tariq,2024-06-09,09:00,17:00,140.0,normal
E109,Mona,2024-06-10,09:00,18:00,160.0,normal
E110,Bilal,2024-06-11,09:00,18:00,160.0,normal
E111,Zara,2024-06-12,09:00,18:00,227.43,overpaid
E100,Ayesha,2024-06-13,09:00,18:00,160.0,normal
E101,Rahim,2024-06-14,09:00,17:00,140.0,normal
E102,Karim,2024-06-15,09:00,18:00,160.0,normal
E103,Fatima,2024-06-16,09:00,18:00,73.24,underpaid
E104,Hasan,2024-06-17,09:00,18:00,160.0,normal
E105,Nadia,2024-06-18,09:00,18:00,103.84,underpaid
E106,Imran,2024-06-19,09:00,18:00,160.0,normal
E107,Sadia,2024-06-20,09:00,20:00,220.0,normal
E108,Tariq,2024-06-21,09:00,20:00,220.0,normal
E109,Mona,2024-06-22,09:00,19:00,190.0,normal
E110,Bilal,2024-06-23,09:00,18:00,160.0,normal
E111,Zara,2024-06-24,09:00,20:00,220.0,normal
E100,Ayesha,2024-06-25,09:00,18:00,261.21,overpaid
E101,Rahim,2024-06-26,09:00,18:00,160.0,normal
E102,Karim,2024-06-27,09:00,20:00,220.0,normal
E103,Fatima,2024-06-28,09:00,17:00,140.0,normal
E104,Hasan,2024-06-01,09:00,18:00,160.0,normal
E105,Nadia,2024-06-02,09:00,18:00,160.0,normal
E106,Imran,2024-06-03,09:00,18:00,160.0,normal
E107,Sadia,2024-06-04,09:00,18:00,160.0,normal
E108,Tariq,2024-06-05,09:00,17:00,140.0,normal
E109,Mona,2024-06-06,09:00,18:00,160.0,normal
E110,Bilal,2024-06-07,09:00,20:00,220.0,normal
E111,Zara,2024-06-08,09:00,18:00,160.0,normal
E100,Ayesha,2024-06-09,09:00,17:00,140.0,normal
E101,Rahim,2024-06-10,09:00,18:00,160.0,normal
E102,Karim,2024-06-11,09:00,18:00,160.0,normal
E103,Fatima,2024-06-12,09:00,18:00,160.0,normal
E104,Hasan,2024-06-13,09:00,20:00,220.0,normal
E105,Nadia,2024-06-14,09:00,18:00,160.0,normal
E106,Imran,2024-06-15,09:00,18:00,160.0,normal
E107,Sadia,2024-06-16,09:00,18:00,160.0,normal
E108,Tariq,2024-06-17,09:00,18:00,160.0,normal
E109,Mona,2024-06-18,09:00,18:00,160.0,normal
E110,Bilal,2024-06-19,09:00,18:00,160.0,normal
E111,Zara,2024-06-20,09:00,18:00,160.0,normal
E100,Ayesha,2024-06-21,09:00,17:00,140.0,normal
E101,Rahim,2024-06-22,09:00,18:00,160.0,normal
E102,Karim,2024-06-23,09:00,20:00,220.0,normal
E103,Fatima,2024-06-24,09:00,18:00,160.0,normal
E104,Hasan,2024-06-25,09:00,18:00,160.0,normal
E105,Nadia,2024-06-26,09:00,19:00,190.0,normal
E106,Imran,2024-06-27,09:00,18:00,160.0,normal
E107,Sadia,2024-06-28,09:00,18:00,160.0,normal
E108,Tariq,2024-06-01,09:00,20:00,220.0,normal
E109,Mona,2024-06-02,09:00,18:00,160.0,normal
E110,Bilal,2024-06-03,09:00,18:00,160.0,normal
E111,Zara,2024-06-04,09:00,19:00,190.0,normal
E100,Ayesha,2024-06-05,09:00,19:00,190.0,normal
E101,Rahim,2024-06-06,09:00,18:00,160.0,normal
E102,Karim,2024-06-07,09:00,18:00,160.0,normal
E103,Fatima,2024-06-08,09:00,17:00,140.0,normal
E104,Hasan,2024-06-09,09:00,18:00,160.0,normal
E105,Nadia,2024-06-10,09:00,17:00,140.0,normal
E106,Imran,2024-06-11,09:00,17:00,140.0,normal
E107,Sadia,2024-06-12,09:00,18:00,160.0,normal
E108,Tariq,2024-06-13,09:00,19:00,190.0,normal
E109,Mona,2024-06-14,09:00,18:00,160.0,normal
E110,Bilal,2024-06-15,09:00,18:00,160.0,normal
E111,Zara,2024-06-16,09:00,18:00,160.0,normal
E100,Ayesha,2024-06-17,09:00,18:00,160.0,normal
E101,Rahim,2024-06-18,09:00,18:00,160.0,normal
E102,Karim,2024-06-19,09:00,18:00,160.0,normal
E103,Fatima,2024-06-20,09:00,18:00,160.0,normal
E104,Hasan,2024-06-21,09:00,18:00,160.0,normal
E105,Nadia,2024-06-22,09:00,18:00,244.44,overpaid
E106,Imran,2024-06-23,09:00,17:00,140.0,normal
E107,Sadia,2024-06-24,09:00,18:00,160.0,normal
E108,Tariq,2024-06-25,09:00,18:00,160.0,normal
E109,Mona,2024-06-26,09:00,18:00,160.0,normal
E110,Bilal,2024-06-27,09:00,17:00,140.0,normal
E111,Zara,2024-06-28,09:00,18:00,160.0,normal
E100,Ayesha,2024-06-01,09:00,18:00,263.51,overpaid
E101,Rahim,2024-06-02,09:00,19:00,190.0,normal
E102,Karim,2024-06-03,09:00,19:00,190.0,normal
E103,Fatima,2024-06-04,09:00,17:00,140.0,normal
E104,Hasan,2024-06-05,09:00,20:00,220.0,normal
E105,Nadia,2024-06-06,09:00,17:00,198.54,overpaid
E106,Imran,2024-06-07,09:00,18:00,160.0,normal
E107,Sadia,2024-06-08,09:00,18:00,160.0,normal
E108,Tariq,2024-06-09,09:00,18:00,92.34,underpaid
E109,Mona,2024-06-10,09:00,18:00,160.0,normal
E110,Bilal,2024-06-11,09:00,18:00,160.0,normal
E111,Zara,2024-06-12,09:00,17:00,140.0,normal
E100,Ayesha,2024-06-13,09:00,20:00,220.0,normal
E101,Rahim,2024-06-14,09:00,18:00,160.0,normal
E102,Karim,2024-06-15,09:00,18:00,102.48,underpaid
E103,Fatima,2024-06-16,09:00,17:00,140.0,normal
E104,Hasan,2024-06-17,09:00,18:00,160.0,normal
E105,Nadia,2024-06-18,09:00,18:00,160.0,normal
E106,Imran,2024-06-19,09:00,18:00,160.0,normal
E107,Sadia,2024-06-20,09:00,18:00,160.0,normal
E108,Tariq,2024-06-21,09:00,19:00,190.0,normal
E109,Mona,2024-06-22,09:00,19:00,190.0,normal
E110,Bilal,2024-06-23,09:00,18:00,160.0,normal
E111,Zara,2024-06-24,09:00,18:00,160.0,normal
E100,Ayesha,2024-06-25,09:00,18:00,160.0,normal
E101,Rahim,2024-06-26,09:00,18:00,160.0,normal
E102,Karim,2024-06-27,09:00,20:00,220.0,normal
E103,Fatima,2024-06-28,09:00,19:00,190.0,normal
E104,Hasan,2024-06-01,09:00,20:00,220.0,normal
E105,Nadia,2024-06-02,09:00,18:00,160.0,normal
E106,Imran,2024-06-03,09:00,18:00,160.0,normal
E107,Sadia,2024-06-04,09:00,17:00,140.0,normal
E108,Tariq,2024-06-05,09:00,18:00,160.0,normal
E109,Mona,2024-06-06,09:00,18:00,160.0,normal
E110,Bilal,2024-06-07,09:00,18:00,160.0,normal
E111,Zara,2024-06-08,09:00,18:00,160.0,normal
E100,Ayesha,2024-06-09,09:00,18:00,160.0,normal
E101,Rahim,2024-06-10,09:00,18:00,160.0,normal
E102,Karim,2024-06-11,09:00,18:00,160.0,normal
E103,Fatima,2024-06-12,09:00,18:00,160.0,normal
E104,Hasan,2024-06-13,09:00,19:00,190.0,normal
E105,Nadia,2024-06-14,09:00,29:00,490.0,impossible_hours
E106,Imran,2024-06-15,09:00,19:00,190.0,normal
E107,Sadia,2024-06-16,09:00,18:00,160.0,normal
E108,Tariq,2024-06-17,09:00,18:00,160.0,normal
E109,Mona,2024-06-18,09:00,18:00,160.0,normal
E110,Bilal,2024-06-19,09:00,20:00,220.0,normal
E111,Zara,2024-06-20,09:00,18:00,160.0,normal
E100,Ayesha,2024-06-21,09:00,20:00,220.0,normal
E101,Rahim,2024-06-22,09:00,19:00,190.0,normal
E102,Karim,2024-06-23,09:00,19:00,190.0,normal
E103,Fatima,2024-06-24,09:00,20:00,220.0,normal
E104,Hasan,2024-06-25,09:00,18:00,273.8,overpaid
E105,Nadia,2024-06-26,09:00,19:00,190.0,normal
E106,Imran,2024-06-27,09:00,18:00,160.0,normal
E107,Sadia,2024-06-28,09:00,19:00,190.0,normal
E108,Tariq,2024-06-01,09:00,18:00,160.0,normal
E109,Mona,2024-06-02,09:00,19:00,190.0,normal
E110,Bilal,2024-06-03,09:00,19:00,190.0,normal
E111,Zara,2024-06-04,09:00,17:00,140.0,normal
E100,Ayesha,2024-06-05,09:00,19:00,190.0,normal
E101,Rahim,2024-06-06,09:00,18:00,160.0,normal
E102,Karim,2024-06-07,09:00,19:00,190.0,normal
E103,Fatima,2024-06-08,09:00,19:00,190.0,normal
E104,Hasan,2024-06-09,09:00,18:00,160.0,normal
E105,Nadia,2024-06-10,09:00,18:00,160.0,normal
E106,Imran,2024-06-11,09:00,18:00,160.0,normal
E107,Sadia,2024-06-12,09:00,18:00,160.0,normal
E108,Tariq,2024-06-13,09:00,18:00,160.0,normal
E109,Mona,2024-06-14,09:00,17:00,140.0,normal
E110,Bilal,2024-06-15,09:00,18:00,160.0,normal
E111,Zara,2024-06-16,09:00,17:00,140.0,normal
E100,Ayesha,2024-06-17,09:00,19:00,190.0,normal
E101,Rahim,2024-06-18,09:00,17:00,140.0,normal
E102,Karim,2024-06-19,09:00,18:00,160.0,normal
E103,Fatima,2024-06-20,09:00,18:00,160.0,normal
E104,Hasan,2024-06-21,09:00,18:00,160.0,normal
E105,Nadia,2024-06-22,09:00,19:00,190.0,normal
E106,Imran,2024-06-23,09:00,17:00,140.0,normal
E107,Sadia,2024-06-24,09:00,19:00,319.97,overpaid
E108,Tariq,2024-06-25,09:00,18:00,160.0,normal
E109,Mona,2024-06-26,09:00,18:00,160.0,normal
E110,Bilal,2024-06-27,09:00,18:00,319.55,overpaid
E111,Zara,2024-06-28,09:00,20:00,220.0,normal
E100,Ayesha,2024-06-01,09:00,18:00,160.0,normal
E101,Rahim,2024-06-02,09:00,18:00,160.0,normal
E102,Karim,2024-06-03,09:00,18:00,160.0,normal
E103,Fatima,2024-06-04,09:00,18:00,160.0,normal
E104,Hasan,2024-06-05,09:00,20:00,220.0,normal
E105,Nadia,2024-06-06,09:00,18:00,160.0,normal
E106,Imran,2024-06-07,09:00,18:00,160.0,normal
E107,Sadia,2024-06-08,09:00,18:00,160.0,normal
E108,Tariq,2024-06-09,09:00,18:00,160.0,normal
E109,Mona,2024-06-10,09:00,18:00,160.0,normal
E110,Bilal,2024-06-11,09:00,20:00,220.0,normal
E111,Zara,2024-06-12,09:00,18:00,160.0,normal
E100,Ayesha,2024-06-13,09:00,17:00,140.0,normal
E101,Rahim,2024-06-14,09:00,18:00,160.0,normal
E102,Karim,2024-06-15,09:00,18:00,160.0,normal
E103,Fatima,2024-06-16,09:00,18:00,160.0,normal
E104,Hasan,2024-06-17,09:00,18:00,160.0,normal
E105,Nadia,2024-06-18,09:00,18:00,246.71,overpaid
E106,Imran,2024-06-19,09:00,18:00,160.0,normal
E107,Sadia,2024-06-20,09:00,19:00,190.0,normal
E108,Tariq,2024-06-21,09:00,19:00,190.0,normal
E109,Mona,2024-06-22,09:00,20:00,220.0,normal
E110,Bilal,2024-06-23,09:00,19:00,190.0,normal
E111,Zara,2024-06-24,09:00,18:00,160.0,normal
E100,Ayesha,2024-06-25,09:00,18:00,160.0,normal
E101,Rahim,2024-06-26,09:00,18:00,160.0,normal
E102,Karim,2024-06-27,09:00,17:00,140.0,normal
E103,Fatima,2024-06-28,09:00,18:00,160.0,normal
E104,Hasan,2024-06-01,09:00,17:00,140.0,normal
E105,Nadia,2024-06-02,09:00,20:00,220.0,normal
E106,Imran,2024-06-03,09:00,20:00,220.0,normal
E107,Sadia,2024-06-04,09:00,18:00,160.0,normal
